,nombre,k,exactitud,precision,recall,f1
0,3D,3,0.876,0.885,0.864,0.874
1,3D,5,0.886,0.894,0.876,0.885
2,3D,7,0.889,0.898,0.878,0.888
3,3D,9,0.889,0.898,0.879,0.888
4,3D,11,0.891,0.899,0.882,0.89
5,3D,13,0.889,0.897,0.879,0.888
6,3D,15,0.888,0.898,0.876,0.886
7,3D,17,0.89,0.9,0.876,0.888
8,C1,3,0.937,0.945,0.928,0.937
9,C1,5,0.94,0.943,0.936,0.94
10,C1,7,0.94,0.942,0.936,0.939
11,C1,9,0.94,0.943,0.936,0.939
12,C1,11,0.94,0.94,0.94,0.94
13,C1,13,0.938,0.94,0.935,0.937
14,C1,15,0.936,0.936,0.936,0.936
15,C1,17,0.938,0.937,0.938,0.938
16,Dispersos,3,0.957,0.962,0.952,0.957
17,Dispersos,5,0.962,0.97,0.954,0.962
18,Dispersos,7,0.958,0.965,0.951,0.958
19,Dispersos,9,0.959,0.965,0.952,0.958
20,Dispersos,11,0.958,0.967,0.949,0.958
21,Dispersos,13,0.956,0.966,0.946,0.956
22,Dispersos,15,0.958,0.968,0.946,0.957
23,Dispersos,17,0.956,0.965,0.947,0.956
24,Fila medio,3,0.914,0.907,0.922,0.914
25,Fila medio,5,0.916,0.913,0.92,0.917
26,Fila medio,7,0.916,0.914,0.918,0.916
27,Fila medio,9,0.916,0.916,0.916,0.916
28,Fila medio,11,0.915,0.913,0.918,0.915
29,Fila medio,13,0.916,0.916,0.916,0.916
30,Fila medio,15,0.914,0.915,0.911,0.913
31,Fila medio,17,0.913,0.914,0.911,0.913
